submission_id,compile_ok,compile_returncode,compile_timed_out,compile_stderr_head,run_returncode,run_timed_out,run_stderr_tail,input_source,run_seconds,problem_id,split,outcome
s097544070,True,0,False,,0,False,,sample_verified,0.006,p03708,train,EXIT_ZERO
s333928700,True,0,False,,0,False,,sample_verified,0.007,p02697,train,EXIT_ZERO
s892223226,True,0,False,,0,False,,sample_verified,0.008,p03100,train,EXIT_ZERO
s300039761,True,0,False,,-8,False,,sample_verified,0.013,p00284,train,SIGFPE
s448542509,True,0,False,,0,False,,sample_verified,0.007,p02646,train,EXIT_ZERO
s964313425,True,0,False,,-6,False,"/usr/include/c++/15/bits/basic_string.h:1369: std::__cxx11::basic_string<_CharT, _Traits, _Alloc>::reference std::__cxx11::basic_string<_CharT, _Traits, _Alloc>::operator[](size_type) [with _CharT = char; _Traits = std::char_traits<char>; _Alloc = std::allocator<char>; reference = char&; size_type = long unsigned int]: Assertion '__pos <= size()' failed.
",sample_verified,0.007,p03577,train,TOOLCHAIN_HARDENING
s024789502,True,0,False,,0,False,,sample_verified,0.006,p01388,train,EXIT_ZERO
s298991964,True,0,False,,-6,False,"/usr/include/c++/15/bits/stl_vector.h:1263: std::vector<_Tp, _Alloc>::reference std::vector<_Tp, _Alloc>::operator[](size_type) [with _Tp = long long int; _Alloc = std::allocator<long long int>; reference = long long int&; size_type = long unsigned int]: Assertion '__n < this->size()' failed.
",sample_verified,0.006,p01413,train,TOOLCHAIN_HARDENING
s550456492,True,0,False,,0,False,,sample_verified,0.007,p02689,train,EXIT_ZERO
s814587842,True,0,False,,0,False,,sample_verified,0.007,p00930,train,EXIT_ZERO
s122012684,False,1,False,"/mnt/d/Dev/Github/transformer-defect-prediction/data/processed/sources/p00185/C++/s122012684.cpp: In function ‘vi makeEra()’:
/mnt/d/Dev/Github/transformer-defect-prediction/data/processed/sources/p00185/C++/s122012684.cpp:45:12: error: reference to ‘data’ is ambiguous
   45 |         if(data[i]==fa",,False,,sample_verified,,p00185,train,COMPILE_FAILED
s094068711,True,0,False,,-8,False,,sample_verified,0.007,p02700,train,SIGFPE
s632415706,True,0,False,,0,False,,sample_verified,0.006,p03610,train,EXIT_ZERO
s995055964,True,0,False,,0,False,,sample_verified,0.067,p03196,train,EXIT_ZERO
s147409752,True,0,False,,0,False,,sample_verified,0.006,p02713,train,EXIT_ZERO
s340176952,True,0,False,"/mnt/d/Dev/Github/transformer-defect-prediction/data/processed/sources/p02734/C++/s340176952.cpp: In function ‘int main()’:
/mnt/d/Dev/Github/transformer-defect-prediction/data/processed/sources/p02734/C++/s340176952.cpp:12:26: warning: ISO C++17 does not allow ‘register’ storage class specifier [-W",0,False,,sample_verified,0.007,p02734,train,EXIT_ZERO
s643429165,True,0,False,,-11,False,,sample_verified,0.019,p03947,train,SIGSEGV
s332564398,True,0,False,,0,False,,sample_verified,0.019,p03279,train,EXIT_ZERO
s112602574,True,0,False,,0,False,,sample_verified,0.006,p03718,train,EXIT_ZERO
s524300646,True,0,False,,0,False,,sample_verified,0.007,p02663,train,EXIT_ZERO
s953202101,True,0,False,,0,False,,sample_verified,0.009,p00957,train,EXIT_ZERO
s469541400,True,0,False,,0,False,,sample_verified,0.006,p02541,train,EXIT_ZERO
s524819638,False,1,False,"/mnt/d/Dev/Github/transformer-defect-prediction/data/processed/sources/p00746/C++/s524819638.cpp: In function ‘void search(int, int, int, int)’:
/mnt/d/Dev/Github/transformer-defect-prediction/data/processed/sources/p00746/C++/s524819638.cpp:13:13: error: reference to ‘data’ is ambiguous
   13 |    ",,False,,sample_verified,,p00746,train,COMPILE_FAILED
s824445518,True,0,False,,0,False,,sample_verified,0.006,p03831,train,EXIT_ZERO
s568153947,True,0,False,"/mnt/d/Dev/Github/transformer-defect-prediction/data/processed/sources/p00072/C++/s568153947.cpp: In function ‘int main()’:
/mnt/d/Dev/Github/transformer-defect-prediction/data/processed/sources/p00072/C++/s568153947.cpp:32:33: warning: format ‘%d’ expects argument of type ‘int*’, but argument 2 has",-11,False,,sample_verified,0.008,p00072,train,SIGSEGV
s012623617,True,0,False,,-24,False,,sample_verified,5.039,p00724,train,TIMEOUT
s776288828,True,0,False,,0,False,,sample_verified,0.007,p03890,train,EXIT_ZERO
s563568974,True,0,False,,0,False,,sample_verified,0.007,p01829,train,EXIT_ZERO
s101028881,True,0,False,,0,False,,sample_verified,0.005,p02828,train,EXIT_ZERO
s830522383,True,0,False,,0,False,,sample_verified,0.007,p01750,train,EXIT_ZERO
s233406570,True,0,False,,0,False,,sample_verified,0.01,p00372,train,EXIT_ZERO
s832510462,True,0,False,,0,False,,sample_verified,0.008,p01317,train,EXIT_ZERO
s015217886,True,0,False,,-6,False,"/usr/include/c++/15/bits/stl_vector.h:1263: std::vector<_Tp, _Alloc>::reference std::vector<_Tp, _Alloc>::operator[](size_type) [with _Tp = long long int; _Alloc = std::allocator<long long int>; reference = long long int&; size_type = long unsigned int]: Assertion '__n < this->size()' failed.
",sample_verified,0.006,p03544,train,TOOLCHAIN_HARDENING
s860410135,True,0,False,,0,False,,sample_verified,0.007,p03458,train,EXIT_ZERO
s642747691,True,0,False,,0,False,,sample_verified,0.007,p03164,train,EXIT_ZERO
s660602302,True,0,False,,0,False,,sample_verified,0.006,p03830,train,EXIT_ZERO
s213938963,True,0,False,,0,False,,sample_verified,0.008,p00244,train,EXIT_ZERO
s655908210,True,0,False,,0,False,,sample_verified,0.012,p00611,train,EXIT_ZERO
s226557487,True,0,False,,-6,False,"/usr/include/c++/15/bits/basic_string.h:1369: std::__cxx11::basic_string<_CharT, _Traits, _Alloc>::reference std::__cxx11::basic_string<_CharT, _Traits, _Alloc>::operator[](size_type) [with _CharT = char; _Traits = std::char_traits<char>; _Alloc = std::allocator<char>; reference = char&; size_type = long unsigned int]: Assertion '__pos <= size()' failed.
",sample_verified,0.007,p03014,train,TOOLCHAIN_HARDENING
s950083508,True,0,False,,0,False,,sample_verified,0.005,p02616,train,EXIT_ZERO
s609630143,True,0,False,,0,False,"Time Taken: 0 ms
",sample_verified,0.006,p03165,train,EXIT_ZERO
s213373065,False,1,False,"/mnt/d/Dev/Github/transformer-defect-prediction/data/processed/sources/p02564/C++/s213373065.cpp:1:2: warning: ‘#import’ is a deprecated GCC extension [-Wdeprecated]
    1 | #import<atcoder/all>
      |  ^~~~~~
/mnt/d/Dev/Github/transformer-defect-prediction/data/processed/sources/p02564/C++/s213373",,False,,sample_verified,,p02564,train,COMPILE_FAILED
s366871805,True,0,False,,0,False,,sample_verified,0.006,p03237,train,EXIT_ZERO
s590721909,True,0,False,,0,False,,sample_verified,0.007,p03450,train,EXIT_ZERO
s487127427,True,0,False,,0,False,,sample_verified,0.007,p03082,train,EXIT_ZERO
s574114765,True,0,False,,0,False,,sample_verified,0.012,p02787,train,EXIT_ZERO
s867748195,True,0,False,,0,False,,sample_verified,0.007,p00062,train,EXIT_ZERO
s778385220,True,0,False,,-6,False,"terminate called after throwing an instance of 'std::invalid_argument'
  what():  stoi
",sample_verified,0.007,p03042,train,SIGABRT
s513788316,True,0,False,"/mnt/d/Dev/Github/transformer-defect-prediction/data/processed/sources/p00121/C++/s513788316.cpp: In function ‘int main()’:
/mnt/d/Dev/Github/transformer-defect-prediction/data/processed/sources/p00121/C++/s513788316.cpp:74:16: warning: format ‘%d’ expects argument of type ‘int*’, but argument 2 has",-11,False,,sample_verified,0.007,p00121,train,SIGSEGV
s517058382,True,0,False,,-6,False,"/usr/include/c++/15/bits/stl_vector.h:1263: std::vector<_Tp, _Alloc>::reference std::vector<_Tp, _Alloc>::operator[](size_type) [with _Tp = int; _Alloc = std::allocator<int>; reference = int&; size_type = long unsigned int]: Assertion '__n < this->size()' failed.
",sample_verified,0.006,p03679,train,TOOLCHAIN_HARDENING
s595748021,True,0,False,,0,False,,sample_verified,0.006,p02348,train,EXIT_ZERO
s076708973,True,0,False,,0,False,,sample_verified,0.008,p00507,train,EXIT_ZERO
s028260489,True,0,False,"/mnt/d/Dev/Github/transformer-defect-prediction/data/processed/sources/p01336/C++/s028260489.cpp:5:1: warning: ISO C++ forbids declaration of ‘main’ with no type [-Wreturn-type]
    5 | main(){
      | ^~~~
",-8,False,,sample_verified,0.007,p01336,train,SIGFPE
s947830008,True,0,False,,-6,False,"/usr/include/c++/15/bits/stl_vector.h:1263: std::vector<_Tp, _Alloc>::reference std::vector<_Tp, _Alloc>::operator[](size_type) [with _Tp = long long int; _Alloc = std::allocator<long long int>; reference = long long int&; size_type = long unsigned int]: Assertion '__n < this->size()' failed.
",sample_verified,0.007,p02835,train,TOOLCHAIN_HARDENING
s264309122,True,0,False,,0,False,,sample_verified,0.007,p03810,train,EXIT_ZERO
s613045292,True,0,False,,0,False,,empty_stdin,0.002,p01383,train,EXIT_ZERO
s423271890,True,0,False,,0,False,,sample_verified,0.006,p03485,train,EXIT_ZERO
s190218840,True,0,False,,-6,False,"/usr/include/c++/15/bits/stl_vector.h:1263: std::vector<_Tp, _Alloc>::reference std::vector<_Tp, _Alloc>::operator[](size_type) [with _Tp = int; _Alloc = std::allocator<int>; reference = int&; size_type = long unsigned int]: Assertion '__n < this->size()' failed.
",sample_verified,0.019,p02620,train,TOOLCHAIN_HARDENING
s593923803,True,0,False,,0,False,,sample_verified,0.007,p04035,train,EXIT_ZERO
s177302385,True,0,False,,0,False,,sample_verified,0.008,p01542,train,EXIT_ZERO
s862985354,True,0,False,,0,False,,sample_verified,0.01,p01388,train,EXIT_ZERO
s018635413,True,0,False,,0,False,,sample_verified,0.012,p00091,train,EXIT_ZERO
s436343987,True,0,False,,0,False,,sample_verified,0.008,p03545,train,EXIT_ZERO
s344331411,True,0,False,,0,False,,sample_verified,0.006,p03494,train,EXIT_ZERO
s826676563,True,0,False,,0,False,,sample_verified,0.005,p02755,train,EXIT_ZERO
s617733125,True,0,False,,0,False,,sample_verified,0.008,p00297,train,EXIT_ZERO
s714475779,True,0,False,,0,False,,sample_verified,0.004,p02661,train,EXIT_ZERO
s099887154,True,0,False,,0,False,,sample_verified,0.007,p03779,train,EXIT_ZERO
s537991384,True,0,False,,-6,False,"/usr/include/c++/15/bits/basic_string.h:1369: std::__cxx11::basic_string<_CharT, _Traits, _Alloc>::reference std::__cxx11::basic_string<_CharT, _Traits, _Alloc>::operator[](size_type) [with _CharT = char; _Traits = std::char_traits<char>; _Alloc = std::allocator<char>; reference = char&; size_type = long unsigned int]: Assertion '__pos <= size()' failed.
",sample_verified,0.007,p03947,train,TOOLCHAIN_HARDENING
s406552802,True,0,False,,0,False,,sample_verified,0.008,p03436,train,EXIT_ZERO
s250314926,True,0,False,,-6,False,"prog.out: /mnt/d/Dev/Github/transformer-defect-prediction/data/processed/sources/p03840/C++/s250314926.cpp:50: int main(): Assertion `0' failed.
",sample_verified,0.008,p03840,train,SIGABRT
s283235054,True,0,False,,-6,False,"/usr/include/c++/15/bits/basic_string.h:1369: std::__cxx11::basic_string<_CharT, _Traits, _Alloc>::reference std::__cxx11::basic_string<_CharT, _Traits, _Alloc>::operator[](size_type) [with _CharT = char; _Traits = std::char_traits<char>; _Alloc = std::allocator<char>; reference = char&; size_type = long unsigned int]: Assertion '__pos <= size()' failed.
",sample_verified,0.005,p02781,train,TOOLCHAIN_HARDENING
s567989782,True,0,False,"/mnt/d/Dev/Github/transformer-defect-prediction/data/processed/sources/p01465/C++/s567989782.cpp: In function ‘std::pair<long long int, long long int> fact()’:
/mnt/d/Dev/Github/transformer-defect-prediction/data/processed/sources/p01465/C++/s567989782.cpp:69:1: warning: control reaches end of non-v",0,False,,sample_verified,0.008,p01465,train,EXIT_ZERO
s096319437,True,0,False,,-6,False,"prog.out: /mnt/d/Dev/Github/transformer-defect-prediction/data/processed/sources/p03050/C++/s096319437.cpp:38: int main(): Assertion `false' failed.
",sample_verified,0.007,p03050,train,SIGABRT
s173512825,False,1,False,"/mnt/d/Dev/Github/transformer-defect-prediction/data/processed/sources/p01648/C++/s173512825.cpp: In function ‘void init(int)’:
/mnt/d/Dev/Github/transformer-defect-prediction/data/processed/sources/p01648/C++/s173512825.cpp:28:5: error: reference to ‘rank’ is ambiguous
   28 |     rank[i] = 0;
    ",,False,,sample_verified,,p01648,train,COMPILE_FAILED
s832561709,True,0,False,,-6,False,"terminate called after throwing an instance of 'std::out_of_range'
  what():  vector::_M_range_check: __n (which is 0) >= this->size() (which is 0)
",sample_verified,0.006,p02899,train,SIGABRT
s682542673,True,0,False,,0,False,,sample_verified,0.007,p02726,train,EXIT_ZERO
s885868800,True,0,False,,0,False,,sample_verified,0.007,p02547,train,EXIT_ZERO
s741653643,True,0,False,,-11,False,,sample_verified,0.007,p00915,train,SIGSEGV
s253598252,True,0,False,,-11,False,,sample_verified,0.008,p00915,train,SIGSEGV
s654425197,True,0,False,,0,False,,sample_verified,0.008,p02639,train,EXIT_ZERO
s651852993,True,0,False,,0,False,,sample_verified,0.008,p01322,train,EXIT_ZERO
s060184591,True,0,False,,-11,False,,sample_verified,0.005,p03067,train,SIGSEGV
s345264765,True,0,False,,0,False,,sample_verified,0.008,p01271,train,EXIT_ZERO
s600831463,True,0,False,,0,False,,sample_verified,0.004,p01482,train,EXIT_ZERO
s112158850,True,0,False,,0,False,,sample_verified,0.007,p03752,train,EXIT_ZERO
s797638720,True,0,False,,0,False,,sample_verified,0.068,p01166,train,EXIT_ZERO
s417462881,True,0,False,,0,False,,sample_verified,0.008,p03674,train,EXIT_ZERO
s699412036,True,0,False,"/mnt/d/Dev/Github/transformer-defect-prediction/data/processed/sources/p03280/C++/s699412036.cpp:61:1: warning: ISO C++ forbids declaration of ‘main’ with no type [-Wreturn-type]
   61 | main()
      | ^~~~
",0,False,"I will return...
...don't you ever hang your head.
Time (in ms): 0
",sample_verified,0.006,p03280,train,EXIT_ZERO
s822663735,True,0,False,,-11,False,,sample_verified,0.034,p01534,train,SIGSEGV
s703742958,True,0,False,,-6,False,"/usr/include/c++/15/bits/stl_bvector.h:1158: std::vector<bool, _Alloc>::reference std::vector<bool, _Alloc>::operator[](size_type) [with _Alloc = std::allocator<bool>; reference = std::vector<bool>::reference; size_type = long unsigned int]: Assertion '__n < this->size()' failed.
",sample_verified,0.007,p02681,train,TOOLCHAIN_HARDENING
s965096882,True,0,False,,0,False,,sample_verified,0.005,p04035,train,EXIT_ZERO
s821126704,True,0,False,,0,False,,sample_verified,0.068,p03314,train,EXIT_ZERO
s149993381,True,0,False,,0,False,,sample_verified,0.007,p02777,train,EXIT_ZERO
s761728500,True,0,False,,0,False,,sample_verified,0.006,p02900,train,EXIT_ZERO
s953262260,True,0,False,,0,False,,sample_verified,0.008,p03422,train,EXIT_ZERO
s413553412,True,0,False,,0,False,,sample_verified,0.007,p02882,train,EXIT_ZERO
s964052437,True,0,False,"/mnt/d/Dev/Github/transformer-defect-prediction/data/processed/sources/p03367/C++/s964052437.cpp: In function ‘int main()’:
/mnt/d/Dev/Github/transformer-defect-prediction/data/processed/sources/p03367/C++/s964052437.cpp:110:18: warning: format ‘%d’ expects argument of type ‘int’, but argument 2 has",0,False,,sample_verified,0.019,p03367,train,EXIT_ZERO
s235982303,True,0,False,"/mnt/d/Dev/Github/transformer-defect-prediction/data/processed/sources/p01207/C++/s235982303.cpp:65:1: warning: ISO C++ forbids declaration of ‘main’ with no type [-Wreturn-type]
   65 | main(){
      | ^~~~
",-6,False,"/usr/include/c++/15/bits/stl_vector.h:1263: std::vector<_Tp, _Alloc>::reference std::vector<_Tp, _Alloc>::operator[](size_type) [with _Tp = int; _Alloc = std::allocator<int>; reference = int&; size_type = long unsigned int]: Assertion '__n < this->size()' failed.
",sample_verified,0.019,p01207,train,TOOLCHAIN_HARDENING
s018076101,True,0,False,,0,False,,sample_verified,0.006,p01718,train,EXIT_ZERO
s445306123,True,0,False,,0,False,,sample_verified,0.006,p03106,train,EXIT_ZERO
s657854467,True,0,False,,0,False,,sample_verified,0.01,p01308,train,EXIT_ZERO
s372367765,True,0,False,,0,False,,sample_verified,0.118,p00539,train,EXIT_ZERO
s130343563,True,0,False,,0,False,,sample_verified,0.007,p03924,train,EXIT_ZERO
s851994459,True,0,False,,-11,False,,sample_verified,0.011,p02912,train,SIGSEGV
s518129104,True,0,False,,0,False,,sample_verified,0.007,p00966,train,EXIT_ZERO
s944442172,True,0,False,,0,False,,sample_verified,0.007,p03077,train,EXIT_ZERO
s274418965,True,0,False,,-6,False,"prog.out: /mnt/d/Dev/Github/transformer-defect-prediction/data/processed/sources/p03664/C++/s274418965.cpp:47: int main(): Assertion `meow==4' failed.
",sample_verified,0.008,p03664,train,SIGABRT
s462688664,True,0,False,,0,False,,sample_verified,0.008,p03861,train,EXIT_ZERO
s577477325,True,0,False,,0,False,,sample_verified,0.007,p02948,train,EXIT_ZERO
s745179613,True,0,False,,0,False,,sample_verified,0.011,p00948,train,EXIT_ZERO
s938622065,True,0,False,,0,False,,sample_verified,0.168,p03348,train,EXIT_ZERO
s199674252,True,0,False,,-11,False,,sample_verified,0.007,p03733,train,SIGSEGV
s547994193,True,0,False,,-6,False,"terminate called after throwing an instance of 'std::out_of_range'
  what():  vector::_M_range_check: __n (which is 4) >= this->size() (which is 3)
",sample_verified,0.006,p03348,train,SIGABRT
s499272225,True,0,False,,-6,False,"/usr/include/c++/15/bits/stl_vector.h:1263: std::vector<_Tp, _Alloc>::reference std::vector<_Tp, _Alloc>::operator[](size_type) [with _Tp = int; _Alloc = std::allocator<int>; reference = int&; size_type = long unsigned int]: Assertion '__n < this->size()' failed.
",sample_verified,0.007,p00706,train,TOOLCHAIN_HARDENING
s814207965,True,0,False,,0,False,,sample_verified,0.008,p03770,train,EXIT_ZERO
s998367452,True,0,False,,-6,False,"prog.out: /mnt/d/Dev/Github/transformer-defect-prediction/data/processed/sources/p03984/C++/s998367452.cpp:232: void solve(): Assertion `0' failed.
",sample_verified,0.007,p03984,train,SIGABRT
s112220061,True,0,False,,0,False,,sample_verified,0.008,p04006,train,EXIT_ZERO
s921685967,True,0,False,,0,False,,sample_verified,0.068,p02769,train,EXIT_ZERO
s844616542,True,0,False,,0,False,,sample_verified,0.006,p03563,train,EXIT_ZERO
s083328926,True,0,False,,-6,False,"terminate called after throwing an instance of 'std::out_of_range'
  what():  vector::_M_range_check: __n (which is 0) >= this->size() (which is 0)
",sample_verified,0.006,p02573,train,SIGABRT
s861887408,True,0,False,,0,False,,sample_verified,0.007,p01697,train,EXIT_ZERO
s615490569,True,0,False,,0,False,,sample_verified,0.035,p02673,train,EXIT_ZERO
s062688939,True,0,False,"/mnt/d/Dev/Github/transformer-defect-prediction/data/processed/sources/p02416/C++/s062688939.cpp: In function ‘int main()’:
/mnt/d/Dev/Github/transformer-defect-prediction/data/processed/sources/p02416/C++/s062688939.cpp:7:17: warning: format ‘%s’ expects argument of type ‘char*’, but argument 2 has",-11,False,,sample_verified,0.007,p02416,train,SIGSEGV
s809496811,True,0,False,,0,False,,sample_verified,0.007,p02655,train,EXIT_ZERO
s610241081,True,0,False,,-6,False,"/usr/include/c++/15/bits/stl_vector.h:1263: std::vector<_Tp, _Alloc>::reference std::vector<_Tp, _Alloc>::operator[](size_type) [with _Tp = long long int; _Alloc = std::allocator<long long int>; reference = long long int&; size_type = long unsigned int]: Assertion '__n < this->size()' failed.
",sample_verified,0.005,p03045,train,TOOLCHAIN_HARDENING
s729466860,True,0,False,,1,False,,sample_verified,0.007,p02783,train,NZEC
s407799282,True,0,False,,0,False,,sample_verified,0.007,p02995,train,EXIT_ZERO
s144109377,True,0,False,,0,False,,sample_verified,0.006,p02837,train,EXIT_ZERO
s937376577,True,0,False,,0,False,,sample_verified,0.007,p00548,train,EXIT_ZERO
s870515297,True,0,False,,0,False,,sample_verified,0.006,p00625,train,EXIT_ZERO
s680756199,True,0,False,,255,False,,sample_verified,0.006,p03671,train,NZEC
s010782944,True,0,False,,0,False,,sample_verified,0.006,p02348,train,EXIT_ZERO
s436806330,True,0,False,,0,False,,sample_verified,0.006,p00517,train,EXIT_ZERO
s061673116,True,0,False,,0,False,,sample_verified,0.007,p03037,train,EXIT_ZERO
s367094979,True,0,False,,0,False,,sample_verified,0.007,p03857,train,EXIT_ZERO
s119072333,True,0,False,,-6,False,"free(): invalid pointer
",sample_verified,0.008,p02945,train,SIGABRT
s891719273,True,0,False,,0,False,,sample_verified,0.007,p00357,train,EXIT_ZERO
s188120589,True,0,False,,0,False,,sample_verified,0.007,p01288,train,EXIT_ZERO
s947846183,True,0,False,,-6,False,"terminate called after throwing an instance of 'std::out_of_range'
  what():  vector::_M_range_check: __n (which is 4) >= this->size() (which is 2)
",sample_verified,0.006,p01227,train,SIGABRT
s468478327,True,0,False,"/mnt/d/Dev/Github/transformer-defect-prediction/data/processed/sources/p02610/C++/s468478327.cpp: In function ‘long long int union_set(long long int, long long int)’:
/mnt/d/Dev/Github/transformer-defect-prediction/data/processed/sources/p02610/C++/s468478327.cpp:161:1: warning: no return statement ",-4,False,,sample_verified,0.007,p02610,train,UNRECOGNIZED_SIGNAL
s705187860,True,0,False,,0,False,,sample_unverified,0.007,p02884,train,EXIT_ZERO
s649591043,True,0,False,,0,False,,sample_verified,0.007,p03582,train,EXIT_ZERO
s407065800,True,0,False,,0,False,,sample_verified,0.008,p03499,train,EXIT_ZERO
s620152903,True,0,False,"/mnt/d/Dev/Github/transformer-defect-prediction/data/processed/sources/p02585/C++/s620152903.cpp: In function ‘int main()’:
/mnt/d/Dev/Github/transformer-defect-prediction/data/processed/sources/p02585/C++/s620152903.cpp:15:17: warning: format ‘%d’ expects argument of type ‘int*’, but argument 2 has",0,False,,sample_verified,0.02,p02585,train,EXIT_ZERO
s823741161,True,0,False,,-11,False,,sample_verified,0.011,p01009,train,SIGSEGV
s983562776,True,0,False,"/mnt/d/Dev/Github/transformer-defect-prediction/data/processed/sources/p03181/C++/s983562776.cpp: In function ‘ll solve2(int, ll)’:
/mnt/d/Dev/Github/transformer-defect-prediction/data/processed/sources/p03181/C++/s983562776.cpp:57:1: warning: no return statement in function returning non-void [-Wre",-4,False,,sample_verified,0.012,p03181,train,UNRECOGNIZED_SIGNAL
s000453461,True,0,False,,0,False,,sample_verified,0.007,p00103,train,EXIT_ZERO
s940952725,True,0,False,"/mnt/d/Dev/Github/transformer-defect-prediction/data/processed/sources/p02389/C++/s940952725.cpp: In function ‘int main()’:
/mnt/d/Dev/Github/transformer-defect-prediction/data/processed/sources/p02389/C++/s940952725.cpp:6:17: warning: format ‘%d’ expects argument of type ‘int*’, but argument 2 has ",-11,False,,sample_verified,0.004,p02389,train,SIGSEGV
s513400012,True,0,False,,-6,False,"/usr/include/c++/15/bits/stl_vector.h:1263: std::vector<_Tp, _Alloc>::reference std::vector<_Tp, _Alloc>::operator[](size_type) [with _Tp = int; _Alloc = std::allocator<int>; reference = int&; size_type = long unsigned int]: Assertion '__n < this->size()' failed.
",sample_verified,0.011,p02639,train,TOOLCHAIN_HARDENING
s358944838,True,0,False,,-6,False,"/usr/include/c++/15/bits/stl_vector.h:1263: std::vector<_Tp, _Alloc>::reference std::vector<_Tp, _Alloc>::operator[](size_type) [with _Tp = int; _Alloc = std::allocator<int>; reference = int&; size_type = long unsigned int]: Assertion '__n < this->size()' failed.
",sample_verified,0.006,p01648,train,TOOLCHAIN_HARDENING
s165898757,True,0,False,,0,False,,sample_verified,0.007,p03441,train,EXIT_ZERO
s503026400,True,0,False,,0,False,,sample_verified,0.008,p00037,train,EXIT_ZERO
s370660823,True,0,False,,-6,False,"/usr/include/c++/15/bits/stl_vector.h:1263: std::vector<_Tp, _Alloc>::reference std::vector<_Tp, _Alloc>::operator[](size_type) [with _Tp = int; _Alloc = std::allocator<int>; reference = int&; size_type = long unsigned int]: Assertion '__n < this->size()' failed.
",sample_verified,0.005,p04043,train,TOOLCHAIN_HARDENING
s579432549,True,0,False,,0,False,,sample_verified,0.068,p00920,train,EXIT_ZERO
s116832091,True,0,False,,0,False,"3
",sample_verified,0.006,p01498,train,EXIT_ZERO
s787466788,True,0,False,"/mnt/d/Dev/Github/transformer-defect-prediction/data/processed/sources/p03279/C++/s787466788.cpp: In function ‘int main()’:
/mnt/d/Dev/Github/transformer-defect-prediction/data/processed/sources/p03279/C++/s787466788.cpp:63:67: warning: ignoring return value of ‘_FIter std::unique(_FIter, _FIter) [w",0,False,,sample_verified,0.019,p03279,train,EXIT_ZERO
s525478407,True,0,False,,4,False,,sample_verified,0.006,p03293,train,NZEC
s137781099,True,0,False,,0,False,,sample_verified,0.007,p03307,train,EXIT_ZERO
s991341718,True,0,False,,0,False,,sample_verified,0.008,p03335,train,EXIT_ZERO
s783277210,True,0,False,,0,False,"
Time elapsed: 0 ms",sample_verified,0.004,p03227,train,EXIT_ZERO
s837184035,True,0,False,,0,False,,sample_verified,0.007,p02989,train,EXIT_ZERO
s733904273,True,0,False,,0,False,,sample_verified,0.008,p00423,train,EXIT_ZERO
s282088159,True,0,False,,-8,False,,sample_verified,0.008,p00292,train,SIGFPE
s229951935,True,0,False,,0,False,,sample_verified,0.011,p02839,train,EXIT_ZERO
s109979685,True,0,False,,-6,False,"terminate called after throwing an instance of 'std::out_of_range'
  what():  basic_string::at: __n (which is 1) >= this->size() (which is 1)
",sample_verified,0.006,p03424,train,SIGABRT
s643995380,True,0,False,,0,False,,sample_verified,0.01,p00825,train,EXIT_ZERO
s894108692,False,1,False,"/mnt/d/Dev/Github/transformer-defect-prediction/data/processed/sources/p00625/C++/s894108692.cpp: In function ‘int main()’:
/mnt/d/Dev/Github/transformer-defect-prediction/data/processed/sources/p00625/C++/s894108692.cpp:203:11: error: no match for ‘operator>>’ (operand types are ‘std::istream’ {aka",,False,,sample_verified,,p00625,train,COMPILE_FAILED
s479479533,True,0,False,,0,False,,sample_verified,0.007,p03652,train,EXIT_ZERO
s394301968,True,0,False,"/mnt/d/Dev/Github/transformer-defect-prediction/data/processed/sources/p00236/C++/s394301968.cpp:114:1: warning: ISO C++ forbids declaration of ‘main’ with no type [-Wreturn-type]
  114 | main(){
      | ^~~~
",0,False,,sample_verified,0.008,p00236,train,EXIT_ZERO
s912889987,True,0,False,"/mnt/d/Dev/Github/transformer-defect-prediction/data/processed/sources/p02642/C++/s912889987.cpp: In function ‘int main()’:
/mnt/d/Dev/Github/transformer-defect-prediction/data/processed/sources/p02642/C++/s912889987.cpp:27:13: warning: ignoring return value of ‘std::vector<_Tp, _Alloc>::reference s",-8,False,,sample_verified,0.006,p02642,train,SIGFPE
s346166592,True,0,False,"/mnt/d/Dev/Github/transformer-defect-prediction/data/processed/sources/p02482/C++/s346166592.cpp: In function ‘int main()’:
/mnt/d/Dev/Github/transformer-defect-prediction/data/processed/sources/p02482/C++/s346166592.cpp:5:17: warning: format ‘%d’ expects argument of type ‘int*’, but argument 2 has ",0,False,,empty_stdin,0.003,p02482,train,EXIT_ZERO
s341454805,True,0,False,,0,False,,sample_verified,0.006,p02108,train,EXIT_ZERO
s722622967,True,0,False,,0,False,,sample_verified,0.036,p02108,train,EXIT_ZERO
s704448998,True,0,False,,-11,False,,sample_verified,0.005,p02675,train,SIGSEGV
s152329794,True,0,False,,0,False,,sample_verified,0.006,p02692,train,EXIT_ZERO
s181667825,True,0,False,,0,False,,sample_verified,0.007,p01322,train,EXIT_ZERO
s387709202,True,0,False,,0,False,,sample_verified,0.007,p03115,train,EXIT_ZERO
s257255740,True,0,False,,-11,False,,sample_verified,0.007,p00527,train,SIGSEGV
s303363975,True,0,False,,0,False,"3
",sample_verified,0.008,p01498,train,EXIT_ZERO
s747447376,True,0,False,,0,False,,sample_verified,0.007,p02122,train,EXIT_ZERO
s504725092,True,0,False,,0,False,,sample_verified,0.006,p03661,train,EXIT_ZERO
s673695595,True,0,False,,0,False,,sample_verified,0.02,p03171,train,EXIT_ZERO
s155297099,True,0,False,,0,False,,sample_verified,0.007,p00357,train,EXIT_ZERO
s635338961,True,0,False,,-8,False,,sample_verified,0.006,p02021,train,SIGFPE
s628016400,True,0,False,,-6,False,"/usr/include/c++/15/bits/stl_vector.h:1263: std::vector<_Tp, _Alloc>::reference std::vector<_Tp, _Alloc>::operator[](size_type) [with _Tp = std::vector<int>; _Alloc = std::allocator<std::vector<int> >; reference = std::vector<int>&; size_type = long unsigned int]: Assertion '__n < this->size()' failed.
",sample_verified,0.012,p02639,train,TOOLCHAIN_HARDENING
s983712144,True,0,False,,0,False,,sample_verified,0.007,p02581,train,EXIT_ZERO
s746735235,True,0,False,,0,False,,sample_verified,0.006,p04045,train,EXIT_ZERO
s578983226,True,0,False,,0,False,,sample_verified,0.009,p03547,train,EXIT_ZERO
s568697070,True,0,False,,0,False,,sample_verified,0.007,p03076,train,EXIT_ZERO
s757006597,True,0,False,,-6,False,"terminate called after throwing an instance of 'std::invalid_argument'
  what():  stoi
",sample_verified,0.007,p03109,train,SIGABRT
s507731796,True,0,False,,-24,False,,sample_verified,5.042,p03500,train,TIMEOUT
s050336863,True,0,False,,0,False,,sample_verified,0.007,p02936,train,EXIT_ZERO
s406649586,True,0,False,,0,False,,sample_verified,0.006,p03100,train,EXIT_ZERO
s964893874,True,0,False,"/mnt/d/Dev/Github/transformer-defect-prediction/data/processed/sources/p01514/C++/s964893874.cpp: In member function ‘bool Team::operator<(const Team&)’:
/mnt/d/Dev/Github/transformer-defect-prediction/data/processed/sources/p01514/C++/s964893874.cpp:47:5: warning: control reaches end of non-void fu",0,False,,empty_stdin,0.003,p01514,train,EXIT_ZERO
s886973626,True,0,False,,0,False,,sample_verified,0.007,p03166,train,EXIT_ZERO
s233916404,True,0,False,,0,False,,sample_verified,0.008,p03371,train,EXIT_ZERO
s057495488,True,0,False,,0,False,,sample_verified,0.009,p02687,train,EXIT_ZERO
s969748438,True,0,False,,0,False,,sample_verified,0.007,p03324,train,EXIT_ZERO
s402512311,True,0,False,,-6,False,"/usr/include/c++/15/bits/basic_string.h:1369: std::__cxx11::basic_string<_CharT, _Traits, _Alloc>::reference std::__cxx11::basic_string<_CharT, _Traits, _Alloc>::operator[](size_type) [with _CharT = char; _Traits = std::char_traits<char>; _Alloc = std::allocator<char>; reference = char&; size_type = long unsigned int]: Assertion '__pos <= size()' failed.
",sample_verified,0.007,p02887,train,TOOLCHAIN_HARDENING
s455131822,True,0,False,,0,False,,sample_verified,0.007,p00513,train,EXIT_ZERO
s089735552,True,0,False,,0,False,,sample_verified,0.007,p02941,train,EXIT_ZERO
s019494515,True,0,False,"/mnt/d/Dev/Github/transformer-defect-prediction/data/processed/sources/p02482/C++/s019494515.cpp: In function ‘int main()’:
/mnt/d/Dev/Github/transformer-defect-prediction/data/processed/sources/p02482/C++/s019494515.cpp:5:17: warning: format ‘%d’ expects argument of type ‘int*’, but argument 2 has ",0,False,,empty_stdin,0.003,p02482,train,EXIT_ZERO
s504770220,True,0,False,"/mnt/d/Dev/Github/transformer-defect-prediction/data/processed/sources/p00236/C++/s504770220.cpp:114:1: warning: ISO C++ forbids declaration of ‘main’ with no type [-Wreturn-type]
  114 | main(){
      | ^~~~
",0,False,,sample_verified,0.008,p00236,train,EXIT_ZERO
s679307710,True,0,False,,0,False,,sample_verified,0.007,p02634,train,EXIT_ZERO
s191388569,True,0,False,,-11,False,,sample_verified,0.012,p02713,train,SIGSEGV
s859440895,True,0,False,,0,False,,sample_verified,0.036,p03650,train,EXIT_ZERO
s344412622,True,0,False,,0,False,,sample_verified,0.007,p01322,train,EXIT_ZERO
s908068347,True,0,False,,-6,False,"/usr/include/c++/15/bits/stl_vector.h:1263: std::vector<_Tp, _Alloc>::reference std::vector<_Tp, _Alloc>::operator[](size_type) [with _Tp = char; _Alloc = std::allocator<char>; reference = char&; size_type = long unsigned int]: Assertion '__n < this->size()' failed.
",sample_verified,0.007,p03082,train,TOOLCHAIN_HARDENING
s656849331,True,0,False,"/mnt/d/Dev/Github/transformer-defect-prediction/data/processed/sources/p02991/C++/s656849331.cpp: In function ‘int main()’:
/mnt/d/Dev/Github/transformer-defect-prediction/data/processed/sources/p02991/C++/s656849331.cpp:39:13: warning: format ‘%d’ expects argument of type ‘int*’, but argument 2 has",-6,False,"/usr/include/c++/15/bits/stl_vector.h:1263: std::vector<_Tp, _Alloc>::reference std::vector<_Tp, _Alloc>::operator[](size_type) [with _Tp = std::vector<long long int>; _Alloc = std::allocator<std::vector<long long int> >; reference = std::vector<long long int>&; size_type = long unsigned int]: Assertion '__n < this->size()' failed.
",sample_verified,0.006,p02991,train,TOOLCHAIN_HARDENING
s845804253,True,0,False,,0,False,,sample_verified,0.004,p03206,train,EXIT_ZERO
s702254255,True,0,False,,0,False,,sample_verified,0.006,p01687,train,EXIT_ZERO
s757331052,True,0,False,,0,False,,sample_verified,0.007,p02414,train,EXIT_ZERO
s216257360,True,0,False,,0,False,,sample_verified,0.012,p00287,train,EXIT_ZERO
s552680216,True,0,False,,0,False,"1
",sample_verified,0.007,p02833,train,EXIT_ZERO
s311873025,True,0,False,,0,False,,sample_verified,0.007,p02628,train,EXIT_ZERO
s203682831,True,0,False,"/mnt/d/Dev/Github/transformer-defect-prediction/data/processed/sources/p02610/C++/s203682831.cpp: In function ‘int main()’:
/mnt/d/Dev/Github/transformer-defect-prediction/data/processed/sources/p02610/C++/s203682831.cpp:68:33: warning: format ‘%d’ expects argument of type ‘int*’, but argument 2 has",-6,False,"/usr/include/c++/15/bits/stl_queue.h:825: std::priority_queue<_Tp, _Sequence, _Compare>::const_reference std::priority_queue<_Tp, _Sequence, _Compare>::top() const [with _Tp = long long int; _Sequence = std::vector<long long int, std::allocator<long long int> >; _Compare = std::less<long long int>; const_reference = const long long int&]: Assertion '!this->empty()' failed.
",sample_verified,0.007,p02610,train,TOOLCHAIN_HARDENING
s876018083,True,0,False,,0,False,,sample_verified,0.012,p01080,train,EXIT_ZERO
s248421358,True,0,False,,0,False,,sample_verified,0.007,p04015,train,EXIT_ZERO
s320694957,True,0,False,,0,False,,sample_unverified,0.007,p03247,train,EXIT_ZERO
s335253562,True,0,False,,-11,False,,sample_verified,0.014,p02555,train,SIGSEGV
s896793899,True,0,False,,0,False,,sample_verified,0.008,p02793,train,EXIT_ZERO
s313805661,True,0,False,,0,False,,sample_verified,0.007,p01352,train,EXIT_ZERO
s813319034,True,0,False,,-6,False,"/usr/include/c++/15/bits/basic_string.h:1369: std::__cxx11::basic_string<_CharT, _Traits, _Alloc>::reference std::__cxx11::basic_string<_CharT, _Traits, _Alloc>::operator[](size_type) [with _CharT = char; _Traits = std::char_traits<char>; _Alloc = std::allocator<char>; reference = char&; size_type = long unsigned int]: Assertion '__pos <= size()' failed.
",sample_verified,0.007,p03047,train,TOOLCHAIN_HARDENING
s803282855,True,0,False,,0,False,,sample_verified,0.008,p02609,train,EXIT_ZERO
s923201214,True,0,False,,0,False,,sample_verified,0.008,p03688,train,EXIT_ZERO
s345585716,True,0,False,,-8,False,,sample_verified,0.009,p03589,train,SIGFPE
s689622836,True,0,False,,0,False,,sample_unverified,0.007,p01854,train,EXIT_ZERO
s857324782,True,0,False,,-11,False,,sample_verified,0.007,p03071,train,SIGSEGV
s204428439,True,0,False,,0,False,,sample_verified,0.007,p02925,train,EXIT_ZERO
s814196735,True,0,False,,-11,False,,sample_verified,0.012,p03371,train,SIGSEGV
s227902505,True,0,False,,-6,False,"/usr/include/c++/15/bits/stl_vector.h:1263: std::vector<_Tp, _Alloc>::reference std::vector<_Tp, _Alloc>::operator[](size_type) [with _Tp = std::pair<long long int, long long int>; _Alloc = std::allocator<std::pair<long long int, long long int> >; reference = std::pair<long long int, long long int>&; size_type = long unsigned int]: Assertion '__n < this->size()' failed.
",sample_verified,0.008,p03145,train,TOOLCHAIN_HARDENING
s318903950,True,0,False,,0,False,,sample_verified,0.007,p02312,train,EXIT_ZERO
s759072682,True,0,False,,0,False,,sample_verified,0.007,p03221,train,EXIT_ZERO
s348191912,True,0,False,,-6,False,"prog.out: /mnt/d/Dev/Github/transformer-defect-prediction/data/processed/sources/p03984/C++/s348191912.cpp:219: void solve(): Assertion `0' failed.
",sample_verified,0.007,p03984,train,SIGABRT
s688847332,True,0,False,,3,False,,sample_verified,0.008,p00586,train,NZEC
s703713009,True,0,False,,0,False,,sample_verified,0.008,p02577,train,EXIT_ZERO
s186500340,True,0,False,,0,False,,sample_verified,0.007,p01131,train,EXIT_ZERO
s077257508,True,0,False,,0,False,,sample_verified,0.007,p00872,train,EXIT_ZERO
s506119831,True,0,False,,-11,False,,sample_verified,0.007,p00428,train,SIGSEGV
s607802282,True,0,False,,0,False,,sample_verified,0.007,p00769,train,EXIT_ZERO
s403866772,True,0,False,,0,False,,sample_verified,0.008,p04001,train,EXIT_ZERO
s935536842,True,0,False,,0,False,,sample_verified,0.007,p04051,train,EXIT_ZERO
s115173831,True,0,False,,0,False,,sample_verified,0.036,p02360,train,EXIT_ZERO
s367563857,True,0,False,,0,False,,sample_verified,0.007,p01404,train,EXIT_ZERO
s840414825,True,0,False,,-11,False,,sample_verified,0.012,p01970,train,SIGSEGV
s622784524,True,0,False,,0,False,,sample_verified,0.008,p04000,train,EXIT_ZERO
s298093012,True,0,False,"/mnt/d/Dev/Github/transformer-defect-prediction/data/processed/sources/p03892/C++/s298093012.cpp: In function ‘int main()’:
/mnt/d/Dev/Github/transformer-defect-prediction/data/processed/sources/p03892/C++/s298093012.cpp:25:21: warning: format ‘%d’ expects argument of type ‘int’, but argument 2 has ",0,False,,sample_verified,0.007,p03892,train,EXIT_ZERO
s240826491,True,0,False,,0,False,,sample_verified,0.007,p02826,train,EXIT_ZERO
s460362748,True,0,False,,0,False,,sample_verified,0.008,p03053,train,EXIT_ZERO
s111900465,True,0,False,,-6,False,"prog.out: /mnt/d/Dev/Github/transformer-defect-prediction/data/processed/sources/p02869/C++/s111900465.cpp:34: void solve(): Assertion `false' failed.
",sample_verified,0.007,p02869,train,SIGABRT
s413112355,True,0,False,,0,False,,sample_verified,0.007,p02581,train,EXIT_ZERO
s780635828,True,0,False,,-11,False,,sample_verified,0.12,p00504,train,SIGSEGV
s857360433,True,0,False,,0,False,,sample_verified,0.008,p03563,train,EXIT_ZERO
s264836791,True,0,False,,-11,False,,sample_verified,0.008,p02675,train,SIGSEGV
s182453432,True,0,False,,-6,False,"terminate called after throwing an instance of 'std::bad_alloc'
  what():  std::bad_alloc
",sample_verified,0.005,p02917,train,RESOURCE_LIMIT
s143735572,True,0,False,,0,False,,sample_verified,0.007,p00436,train,EXIT_ZERO
s737151577,True,0,False,,0,False,,sample_verified,0.008,p00596,train,EXIT_ZERO
s890093018,True,0,False,,0,False,,sample_verified,0.013,p01358,train,EXIT_ZERO
s716504998,True,0,False,,0,False,,sample_verified,0.01,p03433,train,EXIT_ZERO
s286820095,True,0,False,,0,False,,sample_verified,0.012,p03950,train,EXIT_ZERO
s574495869,True,0,False,,-6,False,"/usr/include/c++/15/bits/stl_vector.h:1263: std::vector<_Tp, _Alloc>::reference std::vector<_Tp, _Alloc>::operator[](size_type) [with _Tp = int; _Alloc = std::allocator<int>; reference = int&; size_type = long unsigned int]: Assertion '__n < this->size()' failed.
",empty_stdin,0.003,p01660,train,TOOLCHAIN_HARDENING
s167676108,True,0,False,,0,False,,sample_verified,0.009,p02727,train,EXIT_ZERO
s518265257,True,0,False,,0,False,,sample_verified,0.007,p01653,train,EXIT_ZERO
s094069928,True,0,False,,0,False,,sample_verified,0.012,p02573,train,EXIT_ZERO
s298082892,True,0,False,"/mnt/d/Dev/Github/transformer-defect-prediction/data/processed/sources/p02399/C++/s298082892.cpp: In function ‘int main()’:
/mnt/d/Dev/Github/transformer-defect-prediction/data/processed/sources/p02399/C++/s298082892.cpp:9:11: warning: format ‘%d’ expects argument of type ‘int*’, but argument 2 has ",-11,False,,sample_verified,0.008,p02399,train,SIGSEGV
s439325803,True,0,False,,-8,False,,sample_verified,0.008,p02021,train,SIGFPE
s897893240,True,0,False,,0,False,"foo
",sample_verified,0.007,p00665,train,EXIT_ZERO
s559732811,True,0,False,,0,False,,sample_verified,0.006,p03995,train,EXIT_ZERO
s349037054,True,0,False,,0,False,,sample_verified,0.007,p02791,train,EXIT_ZERO
s914134672,True,0,False,,0,False,,sample_verified,0.008,p02584,train,EXIT_ZERO
s115963011,True,0,False,"/mnt/d/Dev/Github/transformer-defect-prediction/data/processed/sources/p02640/C++/s115963011.cpp:10:9: warning: ‘rep’ redefined
   10 | #define rep(j,m) for(int j=0;j<m;++j)
      |         ^~~
/mnt/d/Dev/Github/transformer-defect-prediction/data/processed/sources/p02640/C++/s115963011.cpp:9:9: note",-4,False,,sample_verified,0.008,p02640,train,UNRECOGNIZED_SIGNAL
s586609682,True,0,False,,0,False,,sample_verified,0.007,p02768,train,EXIT_ZERO
s703852454,True,0,False,,1,False,,sample_verified,0.007,p03904,train,NZEC
s951245826,True,0,False,,0,False,,sample_verified,0.007,p01388,train,EXIT_ZERO
s248660315,True,0,False,,0,False,,sample_verified,0.008,p03810,train,EXIT_ZERO
s493142069,True,0,False,,0,False,,sample_verified,0.007,p02613,train,EXIT_ZERO
s728777861,True,0,False,,-6,False,"/usr/include/c++/15/bits/stl_vector.h:1263: std::vector<_Tp, _Alloc>::reference std::vector<_Tp, _Alloc>::operator[](size_type) [with _Tp = int; _Alloc = std::allocator<int>; reference = int&; size_type = long unsigned int]: Assertion '__n < this->size()' failed.
",sample_verified,0.007,p02861,train,TOOLCHAIN_HARDENING
s644998657,True,0,False,,0,False,,sample_verified,0.007,p02823,train,EXIT_ZERO
s871408564,True,0,False,"/mnt/d/Dev/Github/transformer-defect-prediction/data/processed/sources/p02673/C++/s871408564.cpp: In function ‘int main()’:
/mnt/d/Dev/Github/transformer-defect-prediction/data/processed/sources/p02673/C++/s871408564.cpp:22:12: warning: ISO C++17 does not allow ‘register’ storage class specifier [-W",0,False,,sample_verified,0.007,p02673,train,EXIT_ZERO
s329770400,True,0,False,,-11,False,,sample_verified,0.007,p00046,train,SIGSEGV
s204502372,True,0,False,,0,False,,sample_verified,0.009,p03460,train,EXIT_ZERO
s915030089,True,0,False,,-11,False,,sample_verified,0.007,p03649,train,SIGSEGV
s828034700,False,1,False,"/mnt/d/Dev/Github/transformer-defect-prediction/data/processed/sources/p03890/C++/s828034700.cpp:29:16: error: ‘INT_MAX’ was not declared in this scope
   29 | const ll inf = INT_MAX;
      |                ^~~~~~~
/mnt/d/Dev/Github/transformer-defect-prediction/data/processed/sources/p03890/C++/s82",,False,,sample_verified,,p03890,train,COMPILE_FAILED
s007030597,True,0,False,"/mnt/d/Dev/Github/transformer-defect-prediction/data/processed/sources/p02609/C++/s007030597.cpp: In function ‘ll f(ll, ll)’:
/mnt/d/Dev/Github/transformer-defect-prediction/data/processed/sources/p02609/C++/s007030597.cpp:252:1: warning: no return statement in function returning non-void [-Wreturn-",-6,False,"prog.out: /mnt/d/Dev/Github/transformer-defect-prediction/data/processed/sources/p02609/C++/s007030597.cpp:304: int main(): Assertion `1==2' failed.
",sample_verified,0.011,p02609,train,SIGABRT
s686813080,True,0,False,,-6,False,"/usr/include/c++/15/bits/stl_vector.h:1263: std::vector<_Tp, _Alloc>::reference std::vector<_Tp, _Alloc>::operator[](size_type) [with _Tp = int; _Alloc = std::allocator<int>; reference = int&; size_type = long unsigned int]: Assertion '__n < this->size()' failed.
",sample_verified,0.007,p02911,train,TOOLCHAIN_HARDENING
s409152792,True,0,False,,0,False,,sample_verified,0.019,p00372,train,EXIT_ZERO
s804234888,True,0,False,,-6,False,"prog.out: /mnt/d/Dev/Github/transformer-defect-prediction/data/processed/sources/p02875/C++/s804234888.cpp:22: int main(): Assertion `false' failed.
",sample_verified,0.008,p02875,train,SIGABRT
s597050267,True,0,False,,-6,False,"double free or corruption (out)
",sample_verified,0.007,p00717,train,SIGABRT
s058144525,True,0,False,"/mnt/d/Dev/Github/transformer-defect-prediction/data/processed/sources/p03710/C++/s058144525.cpp: In function ‘void Main()’:
/mnt/d/Dev/Github/transformer-defect-prediction/data/processed/sources/p03710/C++/s058144525.cpp:52:29: warning: format ‘%d’ expects argument of type ‘int’, but argument 3 has",0,False,,sample_verified,0.008,p03710,train,EXIT_ZERO
s374728764,True,0,False,,0,False,,sample_verified,0.007,p02658,train,EXIT_ZERO
s307419989,True,0,False,,0,False,,sample_verified,0.008,p02615,train,EXIT_ZERO
s345364002,True,0,False,,0,False,,sample_verified,0.007,p01540,train,EXIT_ZERO
s398627078,True,0,False,,0,False,,sample_verified,0.02,p00609,train,EXIT_ZERO
s341122419,True,0,False,,0,False,,sample_verified,0.006,p02974,train,EXIT_ZERO
s761236878,True,0,False,,-6,False,"/usr/include/c++/15/bits/stl_vector.h:1263: std::vector<_Tp, _Alloc>::reference std::vector<_Tp, _Alloc>::operator[](size_type) [with _Tp = int; _Alloc = std::allocator<int>; reference = int&; size_type = long unsigned int]: Assertion '__n < this->size()' failed.
",sample_verified,0.008,p03061,train,TOOLCHAIN_HARDENING
s688139364,True,0,False,,0,False,,sample_verified,0.006,p03677,train,EXIT_ZERO
s017865422,True,0,False,,0,False,,sample_verified,0.006,p02730,train,EXIT_ZERO
s117976703,True,0,False,,0,False,,sample_verified,0.008,p00103,train,EXIT_ZERO
s878877221,True,0,False,,0,False,,sample_verified,0.007,p02954,train,EXIT_ZERO
s920129225,True,0,False,,-6,False,"prog.out: /mnt/d/Dev/Github/transformer-defect-prediction/data/processed/sources/p03218/C++/s920129225.cpp:68: int main(): Assertion `false' failed.
",sample_verified,0.007,p03218,val,SIGABRT
s647874109,True,0,False,,0,False,,sample_verified,0.007,p03817,val,EXIT_ZERO
s619705876,True,0,False,,0,False,,sample_verified,0.007,p00710,val,EXIT_ZERO
s292596966,True,0,False,,0,False,,sample_verified,0.008,p01126,val,EXIT_ZERO
s138723086,True,0,False,,0,False,,sample_verified,0.007,p00048,val,EXIT_ZERO
s449724638,True,0,False,,0,False,,sample_verified,0.007,p01173,val,EXIT_ZERO
s583284521,True,0,False,,-6,False,"/usr/include/c++/15/bits/basic_string.h:1369: std::__cxx11::basic_string<_CharT, _Traits, _Alloc>::reference std::__cxx11::basic_string<_CharT, _Traits, _Alloc>::operator[](size_type) [with _CharT = char; _Traits = std::char_traits<char>; _Alloc = std::allocator<char>; reference = char&; size_type = long unsigned int]: Assertion '__pos <= size()' failed.
",sample_verified,0.007,p01329,val,TOOLCHAIN_HARDENING
s496320702,True,0,False,,-6,False,"/usr/include/c++/15/bits/stl_vector.h:1263: std::vector<_Tp, _Alloc>::reference std::vector<_Tp, _Alloc>::operator[](size_type) [with _Tp = int; _Alloc = std::allocator<int>; reference = int&; size_type = long unsigned int]: Assertion '__n < this->size()' failed.
",sample_verified,0.008,p03635,val,TOOLCHAIN_HARDENING
s684630456,True,0,False,,0,False,,sample_verified,0.007,p00210,val,EXIT_ZERO
s874048478,False,1,False,"/mnt/d/Dev/Github/transformer-defect-prediction/data/processed/sources/p01304/C++/s874048478.cpp:2:19: warning: trigraph ‘??(’ ignored, use ‘-trigraphs’ to enable [-Wtrigraphs]
    2 | (0,0)???????????????(1,1)?????????(=???????¶????)=?§?????????´??????(gx+1,gy+1)???
/mnt/d/Dev/Github/transformer-de",,False,,sample_verified,,p01304,val,COMPILE_FAILED
s448757419,True,0,False,"In file included from /mnt/d/Dev/Github/transformer-defect-prediction/data/processed/sources/p03238/C++/s448757419.cpp:17:
/usr/include/c++/15/ccomplex:51:4: warning: #warning ""<ccomplex> is deprecated in C++17, use <complex> instead"" [-Wcpp]
   51 | #  warning ""<ccomplex> is deprecated in C++17, us",0,False,,sample_verified,0.068,p03238,val,EXIT_ZERO
s643350419,True,0,False,,0,False,,sample_verified,0.007,p00484,val,EXIT_ZERO
s214333675,True,0,False,,0,False,,sample_verified,0.007,p00726,val,EXIT_ZERO
s215916216,True,0,False,,0,False,,sample_verified,0.006,p00719,val,EXIT_ZERO
s025056910,True,0,False,,0,False,,sample_verified,0.007,p02249,val,EXIT_ZERO
s063709774,True,0,False,,0,False,,sample_verified,0.008,p00152,val,EXIT_ZERO
s955600509,True,0,False,,4,False,,sample_verified,0.007,p03637,val,NZEC
s111709071,True,0,False,,-11,False,,sample_verified,0.007,p03180,val,SIGSEGV
s514502834,True,0,False,,0,False,,sample_verified,0.008,p03923,val,EXIT_ZERO
s762446392,True,0,False,,0,False,,sample_verified,0.007,p03535,val,EXIT_ZERO
s033014460,True,0,False,,-11,False,,sample_verified,0.012,p03780,val,SIGSEGV
s778811455,True,0,False,"/mnt/d/Dev/Github/transformer-defect-prediction/data/processed/sources/p03218/C++/s778811455.cpp:19:1: warning: ISO C++ forbids declaration of ‘main’ with no type [-Wreturn-type]
   19 | main(){
      | ^~~~
",0,False,,sample_verified,0.006,p03218,val,EXIT_ZERO
s419042880,True,0,False,"/mnt/d/Dev/Github/transformer-defect-prediction/data/processed/sources/p01919/C++/s419042880.cpp:33:1: warning: ISO C++ forbids declaration of ‘main’ with no type [-Wreturn-type]
   33 | main(){
      | ^~~~
/mnt/d/Dev/Github/transformer-defect-prediction/data/processed/sources/p01919/C++/s419042880",-6,False,"/usr/include/c++/15/bits/stl_vector.h:1263: std::vector<_Tp, _Alloc>::reference std::vector<_Tp, _Alloc>::operator[](size_type) [with _Tp = std::pair<long long int, long long int>; _Alloc = std::allocator<std::pair<long long int, long long int> >; reference = std::pair<long long int, long long int>&; size_type = long unsigned int]: Assertion '__n < this->size()' failed.
",sample_verified,0.008,p01919,val,TOOLCHAIN_HARDENING
s494928013,True,0,False,,-6,False,"terminate called after throwing an instance of 'std::out_of_range'
  what():  vector::_M_range_check: __n (which is 0) >= this->size() (which is 0)
",sample_verified,0.007,p02601,val,SIGABRT
s403978445,True,0,False,"/mnt/d/Dev/Github/transformer-defect-prediction/data/processed/sources/p03866/C++/s403978445.cpp: In function ‘int main()’:
/mnt/d/Dev/Github/transformer-defect-prediction/data/processed/sources/p03866/C++/s403978445.cpp:67:21: warning: format ‘%lf’ expects argument of type ‘double’, but argument 2 ",0,False,,sample_unverified,0.007,p03866,val,EXIT_ZERO
s329315293,True,0,False,,0,False,,sample_verified,0.008,p02284,val,EXIT_ZERO
s105994919,True,0,False,,0,False,,sample_verified,0.118,p03595,val,EXIT_ZERO
s261626758,True,0,False,,0,False,,sample_verified,0.007,p00034,val,EXIT_ZERO
s532000602,True,0,False,,0,False,,sample_verified,0.012,p01408,val,EXIT_ZERO
s581577426,True,0,False,,-11,False,,sample_verified,0.007,p00500,val,SIGSEGV
s878404847,True,0,False,,0,False,,sample_verified,0.007,p02748,val,EXIT_ZERO
s851252034,True,0,False,,0,False,,sample_verified,0.021,p03376,val,EXIT_ZERO
s803381015,True,0,False,,0,False,,sample_verified,0.007,p02288,val,EXIT_ZERO
s864831086,True,0,False,,0,False,,sample_unverified,0.008,p01643,val,EXIT_ZERO
s662498830,True,0,False,,0,False,"MP(n,m) = (2,3)
",sample_verified,0.007,p02468,val,EXIT_ZERO
s686030636,True,0,False,,0,False,,sample_verified,0.007,p03091,val,EXIT_ZERO
s935283729,True,0,False,,255,False,,sample_verified,0.006,p03632,val,NZEC
s982019309,True,0,False,,-11,False,,sample_verified,0.119,p00898,val,SIGSEGV
s538484715,True,0,False,,-6,False,"pure virtual method called
terminate called without an active exception
",sample_verified,0.035,p02569,val,SIGABRT
s179272614,True,0,False,,1,False,,sample_verified,0.007,p03479,val,NZEC
s974987015,True,0,False,,0,False,,sample_verified,0.007,p03141,val,EXIT_ZERO
s312306662,True,0,False,,0,False,,sample_verified,0.008,p03051,val,EXIT_ZERO
s396419168,True,0,False,,0,False,,sample_verified,0.007,p03645,val,EXIT_ZERO
s805305335,True,0,False,,0,False,,sample_verified,0.006,p01668,val,EXIT_ZERO
s731374931,True,0,False,,-6,False,"/usr/include/c++/15/bits/basic_string.h:1369: std::__cxx11::basic_string<_CharT, _Traits, _Alloc>::reference std::__cxx11::basic_string<_CharT, _Traits, _Alloc>::operator[](size_type) [with _CharT = char; _Traits = std::char_traits<char>; _Alloc = std::allocator<char>; reference = char&; size_type = long unsigned int]: Assertion '__pos <= size()' failed.
",sample_verified,0.007,p02844,val,TOOLCHAIN_HARDENING
s916511988,True,0,False,,0,False,,sample_verified,0.007,p03252,val,EXIT_ZERO
s554243796,True,0,False,,0,False,,sample_verified,0.006,p03155,val,EXIT_ZERO
s640627193,True,0,False,,-6,False,"/usr/include/c++/15/bits/stl_vector.h:1263: std::vector<_Tp, _Alloc>::reference std::vector<_Tp, _Alloc>::operator[](size_type) [with _Tp = int; _Alloc = std::allocator<int>; reference = int&; size_type = long unsigned int]: Assertion '__n < this->size()' failed.
",sample_verified,0.007,p01228,val,TOOLCHAIN_HARDENING
s575544209,True,0,False,,-6,False,"/usr/include/c++/15/bits/stl_vector.h:1263: std::vector<_Tp, _Alloc>::reference std::vector<_Tp, _Alloc>::operator[](size_type) [with _Tp = std::vector<int>; _Alloc = std::allocator<std::vector<int> >; reference = std::vector<int>&; size_type = long unsigned int]: Assertion '__n < this->size()' failed.
",sample_verified,0.007,p02237,val,TOOLCHAIN_HARDENING
s918882464,True,0,False,,-6,False,"/usr/include/c++/15/bits/stl_vector.h:1263: std::vector<_Tp, _Alloc>::reference std::vector<_Tp, _Alloc>::operator[](size_type) [with _Tp = long int; _Alloc = std::allocator<long int>; reference = long int&; size_type = long unsigned int]: Assertion '__n < this->size()' failed.
",sample_verified,0.007,p02386,val,TOOLCHAIN_HARDENING
s819117731,True,0,False,,0,False,,sample_verified,0.007,p03992,val,EXIT_ZERO
s265666834,True,0,False,,0,False,,sample_verified,0.008,p03347,val,EXIT_ZERO
s652979365,True,0,False,,0,False,,sample_verified,0.007,p03313,val,EXIT_ZERO
s590872462,True,0,False,,0,False,,sample_verified,0.007,p03184,val,EXIT_ZERO
s001096508,True,0,False,,0,False,,empty_stdin,0.003,p03930,val,EXIT_ZERO
s422118279,False,1,False,"/mnt/d/Dev/Github/transformer-defect-prediction/data/processed/sources/p00261/C++/s422118279.cpp: In function ‘int main()’:
/mnt/d/Dev/Github/transformer-defect-prediction/data/processed/sources/p00261/C++/s422118279.cpp:28:5: error: reference to ‘size’ is ambiguous
   28 |     size = s.size();
    ",,False,,sample_verified,,p00261,val,COMPILE_FAILED
s328037655,True,0,False,,0,False,,sample_verified,0.007,p03923,val,EXIT_ZERO
s537300230,True,0,False,,-6,False,"/usr/include/c++/15/bits/basic_string.h:1369: std::__cxx11::basic_string<_CharT, _Traits, _Alloc>::reference std::__cxx11::basic_string<_CharT, _Traits, _Alloc>::operator[](size_type) [with _CharT = char; _Traits = std::char_traits<char>; _Alloc = std::allocator<char>; reference = char&; size_type = long unsigned int]: Assertion '__pos <= size()' failed.
",sample_unverified,0.006,p00900,val,TOOLCHAIN_HARDENING
s507042614,True,0,False,,0,False,,sample_verified,0.007,p03417,val,EXIT_ZERO
s635066445,True,0,False,,-6,False,"/usr/include/c++/15/bits/stl_vector.h:1282: std::vector<_Tp, _Alloc>::const_reference std::vector<_Tp, _Alloc>::operator[](size_type) const [with _Tp = Node; _Alloc = std::allocator<Node>; const_reference = const Node&; size_type = long unsigned int]: Assertion '__n < this->size()' failed.
",sample_verified,0.007,p03333,val,TOOLCHAIN_HARDENING
s948357170,True,0,False,,-6,False,"/usr/include/c++/15/bits/stl_vector.h:1263: std::vector<_Tp, _Alloc>::reference std::vector<_Tp, _Alloc>::operator[](size_type) [with _Tp = double; _Alloc = std::allocator<double>; reference = double&; size_type = long unsigned int]: Assertion '__n < this->size()' failed.
",sample_verified,0.007,p03214,val,TOOLCHAIN_HARDENING
s896034652,True,0,False,,0,False,,sample_verified,0.011,p00550,val,EXIT_ZERO
s348669687,True,0,False,"/mnt/d/Dev/Github/transformer-defect-prediction/data/processed/sources/p00132/C++/s348669687.cpp:17:1: warning: ‘typedef’ was ignored in this declaration
   17 | typedef struct Info{
      | ^~~~~~~
/mnt/d/Dev/Github/transformer-defect-prediction/data/processed/sources/p00132/C++/s348669687.cpp:143:",0,False,,sample_verified,0.012,p00132,val,EXIT_ZERO
s261939349,True,0,False,,0,False,,sample_verified,0.011,p03686,val,EXIT_ZERO
s500778435,True,0,False,,0,False,,sample_verified,0.008,p00235,val,EXIT_ZERO
s076684769,True,0,False,,0,False,,sample_verified,0.008,p01695,val,EXIT_ZERO
s194644243,True,0,False,,0,False,,sample_verified,0.007,p01314,val,EXIT_ZERO
s083144765,True,0,False,,0,False,,sample_verified,0.012,p01164,val,EXIT_ZERO
s101909111,True,0,False,"/mnt/d/Dev/Github/transformer-defect-prediction/data/processed/sources/p02523/C++/s101909111.cpp: In function ‘int main()’:
/mnt/d/Dev/Github/transformer-defect-prediction/data/processed/sources/p02523/C++/s101909111.cpp:19:10: warning: format ‘%lf’ expects argument of type ‘double*’, but argument 2",0,False,,empty_stdin,0.003,p02523,val,EXIT_ZERO
s443674795,True,0,False,,-6,False,"/usr/include/c++/15/bits/stl_vector.h:1263: std::vector<_Tp, _Alloc>::reference std::vector<_Tp, _Alloc>::operator[](size_type) [with _Tp = int; _Alloc = std::allocator<int>; reference = int&; size_type = long unsigned int]: Assertion '__n < this->size()' failed.
",sample_verified,0.007,p02368,val,TOOLCHAIN_HARDENING
s350567832,True,0,False,,-6,False,"terminate called after throwing an instance of 'std::length_error'
  what():  vector::_M_default_append
",sample_verified,0.007,p00068,val,SIGABRT
s723372532,True,0,False,,-6,False,"/usr/include/c++/15/bits/stl_vector.h:1263: std::vector<_Tp, _Alloc>::reference std::vector<_Tp, _Alloc>::operator[](size_type) [with _Tp = int; _Alloc = std::allocator<int>; reference = int&; size_type = long unsigned int]: Assertion '__n < this->size()' failed.
",sample_verified,0.007,p03521,val,TOOLCHAIN_HARDENING
s918939320,True,0,False,,0,False,,sample_verified,0.008,p03177,val,EXIT_ZERO
s757823317,True,0,False,,0,False,,sample_unverified,0.424,p01165,val,EXIT_ZERO
s009477938,True,0,False,,0,False,,empty_stdin,0.003,p02496,val,EXIT_ZERO
s983422608,True,0,False,,0,False,,sample_verified,0.006,p02378,val,EXIT_ZERO
s763014323,True,0,False,,0,False,,sample_verified,0.008,p03364,val,EXIT_ZERO
s225400663,True,0,False,,0,False,,sample_verified,0.007,p02864,val,EXIT_ZERO
s593883670,True,0,False,,-11,False,,sample_verified,0.011,p00711,val,SIGSEGV
s964478015,False,1,False,"/mnt/d/Dev/Github/transformer-defect-prediction/data/processed/sources/p02569/C++/s964478015.cpp:3:10: fatal error: atcoder/all: No such file or directory
    3 | #include <atcoder/all>
      |          ^~~~~~~~~~~~~
compilation terminated.
",,False,,sample_verified,,p02569,val,COMPILE_FAILED
s524892047,True,0,False,,-11,False,,sample_verified,0.007,p00065,val,SIGSEGV
s468174089,True,0,False,,0,False,,sample_verified,0.008,p00174,val,EXIT_ZERO
s343229045,True,0,False,,-11,False,,sample_verified,0.019,p02406,val,SIGSEGV
s052334058,True,0,False,"/mnt/d/Dev/Github/transformer-defect-prediction/data/processed/sources/p02284/C++/s052334058.cpp: In function ‘void printInOrder(long int)’:
/mnt/d/Dev/Github/transformer-defect-prediction/data/processed/sources/p02284/C++/s052334058.cpp:23:15: warning: format ‘%d’ expects argument of type ‘int’, bu",0,False,,sample_verified,0.007,p02284,val,EXIT_ZERO
s360993115,True,0,False,,-6,False,"/usr/include/c++/15/bits/stl_vector.h:1263: std::vector<_Tp, _Alloc>::reference std::vector<_Tp, _Alloc>::operator[](size_type) [with _Tp = int; _Alloc = std::allocator<int>; reference = int&; size_type = long unsigned int]: Assertion '__n < this->size()' failed.
",sample_verified,0.006,p03012,val,TOOLCHAIN_HARDENING
s585544646,True,0,False,,0,False,,sample_verified,0.006,p03934,val,EXIT_ZERO
s348295822,True,0,False,,0,False,,sample_verified,0.007,p03783,val,EXIT_ZERO
s998819551,True,0,False,,0,False,,sample_verified,0.006,p03098,val,EXIT_ZERO
s556713107,True,0,False,,0,False,,sample_verified,0.007,p00817,val,EXIT_ZERO
s386364809,True,0,False,,0,False,,sample_verified,0.007,p01250,val,EXIT_ZERO
s818927171,True,0,False,,0,False,,sample_verified,0.006,p03186,val,EXIT_ZERO
s287623363,True,0,False,,-11,False,,sample_verified,0.008,p03112,val,SIGSEGV
s473368749,True,0,False,,-6,False,"/usr/include/c++/15/bits/stl_vector.h:1263: std::vector<_Tp, _Alloc>::reference std::vector<_Tp, _Alloc>::operator[](size_type) [with _Tp = std::tuple<long long int, long long int, long long int>; _Alloc = std::allocator<std::tuple<long long int, long long int, long long int> >; reference = std::tuple<long long int, long long int, long long int>&; size_type = long unsigned int]: Assertion '__n < this->size()' failed.
",sample_verified,0.006,p02680,val,TOOLCHAIN_HARDENING
s061673974,True,0,False,,0,False,,sample_unverified,0.006,p03952,val,EXIT_ZERO
s018109703,True,0,False,,0,False,,sample_verified,0.008,p03374,val,EXIT_ZERO
s877320831,True,0,False,,0,False,,sample_unverified,0.007,p00642,val,EXIT_ZERO
s713171541,True,0,False,,0,False,,sample_verified,0.007,p00063,val,EXIT_ZERO
s232952106,True,0,False,,-6,False,"terminate called after throwing an instance of 'std::bad_alloc'
  what():  std::bad_alloc
",sample_verified,2.027,p02973,val,RESOURCE_LIMIT
s179272981,True,0,False,,0,False,,sample_verified,0.006,p01430,val,EXIT_ZERO
s026925317,True,0,False,,0,False,,sample_verified,0.007,p02876,val,EXIT_ZERO
s461038016,True,0,False,,0,False,,sample_verified,0.01,p00277,test,EXIT_ZERO
s431832512,True,0,False,,-6,False,"terminate called after throwing an instance of 'std::bad_alloc'
  what():  std::bad_alloc
",empty_stdin,4.336,p00696,test,RESOURCE_LIMIT
s999447280,True,0,False,,-24,False,,empty_stdin,5.039,p02857,test,TIMEOUT
s707005161,True,0,False,,-6,False,"/usr/include/c++/15/bits/stl_vector.h:1263: std::vector<_Tp, _Alloc>::reference std::vector<_Tp, _Alloc>::operator[](size_type) [with _Tp = d; _Alloc = std::allocator<d>; reference = d&; size_type = long unsigned int]: Assertion '__n < this->size()' failed.
",sample_verified,0.008,p02868,test,TOOLCHAIN_HARDENING
s784384144,True,0,False,,0,False,,sample_verified,0.007,p03332,test,EXIT_ZERO
s853768323,True,0,False,,0,False,,sample_verified,0.007,p01755,test,EXIT_ZERO
s536395899,True,0,False,,-6,False,"/usr/include/c++/15/bits/stl_vector.h:1263: std::vector<_Tp, _Alloc>::reference std::vector<_Tp, _Alloc>::operator[](size_type) [with _Tp = edge; _Alloc = std::allocator<edge>; reference = edge&; size_type = long unsigned int]: Assertion '__n < this->size()' failed.
",sample_verified,0.008,p00997,test,TOOLCHAIN_HARDENING
s344759654,True,0,False,,-11,False,,sample_verified,0.004,p00431,test,SIGSEGV
s366130787,True,0,False,"/mnt/d/Dev/Github/transformer-defect-prediction/data/processed/sources/p03466/C++/s366130787.cpp: In function ‘int main()’:
/mnt/d/Dev/Github/transformer-defect-prediction/data/processed/sources/p03466/C++/s366130787.cpp:34:29: warning: ISO C++17 does not allow ‘register’ storage class specifier [-W",0,False,,sample_verified,0.006,p03466,test,EXIT_ZERO
s567360910,True,0,False,,0,False,,sample_verified,0.006,p00826,test,EXIT_ZERO
s975395349,True,0,False,,-6,False,"/usr/include/c++/15/bits/basic_string.h:1369: std::__cxx11::basic_string<_CharT, _Traits, _Alloc>::reference std::__cxx11::basic_string<_CharT, _Traits, _Alloc>::operator[](size_type) [with _CharT = char; _Traits = std::char_traits<char>; _Alloc = std::allocator<char>; reference = char&; size_type = long unsigned int]: Assertion '__pos <= size()' failed.
",sample_unverified,0.007,p01752,test,TOOLCHAIN_HARDENING
s791737795,True,0,False,,0,False,,sample_verified,0.007,p00830,test,EXIT_ZERO
s339198549,True,0,False,,0,False,,sample_verified,0.007,p03728,test,EXIT_ZERO
s526021381,True,0,False,,0,False,,sample_verified,0.007,p03465,test,EXIT_ZERO
s490734256,True,0,False,,0,False,,sample_verified,0.006,p03420,test,EXIT_ZERO
s233598200,False,1,False,"/mnt/d/Dev/Github/transformer-defect-prediction/data/processed/sources/p01203/C++/s233598200.cpp: In function ‘int solve(int, int)’:
/mnt/d/Dev/Github/transformer-defect-prediction/data/processed/sources/p01203/C++/s233598200.cpp:56:15: error: reference to ‘size’ is ambiguous
   56 |     if ( S == s",,False,,sample_verified,,p01203,test,COMPILE_FAILED
s719429364,True,0,False,,0,False,,sample_verified,0.014,p01212,test,EXIT_ZERO
s595856093,True,0,False,"/mnt/d/Dev/Github/transformer-defect-prediction/data/processed/sources/p02599/C++/s595856093.cpp: In function ‘int fastscan()’:
/mnt/d/Dev/Github/transformer-defect-prediction/data/processed/sources/p02599/C++/s595856093.cpp:21:18: warning: ISO C++17 does not allow ‘register’ storage class specifier",0,False,,sample_verified,0.069,p02599,test,EXIT_ZERO
s725390879,True,0,False,,0,False,,sample_verified,0.006,p03580,test,EXIT_ZERO
s739991960,True,0,False,,0,False,,sample_verified,0.007,p02806,test,EXIT_ZERO
s779844387,True,0,False,,0,False,,sample_verified,0.007,p03361,test,EXIT_ZERO
s834700262,True,0,False,,-11,False,,sample_verified,0.008,p01567,test,SIGSEGV
s297242189,True,0,False,,0,False,,sample_verified,0.007,p03626,test,EXIT_ZERO
s892780893,True,0,False,,0,False,,sample_verified,0.008,p02746,test,EXIT_ZERO
s499717241,True,0,False,,0,False,,sample_verified,0.008,p03960,test,EXIT_ZERO
s348424696,True,0,False,,0,False,,sample_verified,0.007,p01398,test,EXIT_ZERO
s774700961,True,0,False,,0,False,,sample_verified,0.007,p00495,test,EXIT_ZERO
s510890938,True,0,False,,0,False,,sample_verified,0.007,p03425,test,EXIT_ZERO
s851565771,True,0,False,,-11,False,,sample_verified,0.012,p00200,test,SIGSEGV
s316548752,True,0,False,,0,False,,sample_verified,0.008,p02262,test,EXIT_ZERO
s778267111,True,0,False,,0,False,,sample_verified,0.007,p01190,test,EXIT_ZERO
s835312664,True,0,False,,0,False,,sample_unverified,0.007,p03896,test,EXIT_ZERO
s694490174,True,0,False,,0,False,,sample_verified,0.007,p01622,test,EXIT_ZERO
s392670409,True,0,False,,-6,False,"/usr/include/c++/15/bits/stl_vector.h:1263: std::vector<_Tp, _Alloc>::reference std::vector<_Tp, _Alloc>::operator[](size_type) [with _Tp = int; _Alloc = std::allocator<int>; reference = int&; size_type = long unsigned int]: Assertion '__n < this->size()' failed.
",sample_unverified,0.007,p02855,test,TOOLCHAIN_HARDENING
s373189330,True,0,False,,0,False,,sample_verified,0.019,p03778,test,EXIT_ZERO
s634297009,True,0,False,,0,False,,sample_verified,0.012,p01907,test,EXIT_ZERO
s034355890,True,0,False,,0,False,,sample_verified,1.122,p03525,test,EXIT_ZERO
s161853753,True,0,False,,-6,False,"/usr/include/c++/15/bits/stl_vector.h:1263: std::vector<_Tp, _Alloc>::reference std::vector<_Tp, _Alloc>::operator[](size_type) [with _Tp = int; _Alloc = std::allocator<int>; reference = int&; size_type = long unsigned int]: Assertion '__n < this->size()' failed.
",sample_verified,0.007,p00268,test,TOOLCHAIN_HARDENING
s901701431,True,0,False,,0,False,,sample_verified,0.006,p03988,test,EXIT_ZERO
s822103667,True,0,False,,0,False,,sample_verified,0.007,p00139,test,EXIT_ZERO
s171933176,False,1,False,"/mnt/d/Dev/Github/transformer-defect-prediction/data/processed/sources/p02795/C++/s171933176.cpp:32:42: warning: declaration of ‘template<class T> constexpr decltype (t.size()) std::size(const T&)’ has a different exception specifier
   32 |     template <typename T> constexpr auto size(const T& t) ",,False,,sample_verified,,p02795,test,COMPILE_FAILED
s649884283,True,0,False,,-11,False,,sample_verified,0.007,p03489,test,SIGSEGV
s060276843,True,0,False,,0,False,,sample_verified,0.007,p01726,test,EXIT_ZERO
s191618906,True,0,False,"/mnt/d/Dev/Github/transformer-defect-prediction/data/processed/sources/p00047/C++/s191618906.cpp: In function ‘int main()’:
/mnt/d/Dev/Github/transformer-defect-prediction/data/processed/sources/p00047/C++/s191618906.cpp:10:24: warning: format ‘%c’ expects a matching ‘char*’ argument [-Wformat=]
   ",-11,False,,sample_verified,0.006,p00047,test,SIGSEGV
s380678824,False,1,False,"/mnt/d/Dev/Github/transformer-defect-prediction/data/processed/sources/p00259/C++/s380678824.cpp: In function ‘int main()’:
/mnt/d/Dev/Github/transformer-defect-prediction/data/processed/sources/p00259/C++/s380678824.cpp:289:17: error: ‘gets’ was not declared in this scope; did you mean ‘getw’?
  28",,False,,sample_verified,,p00259,test,COMPILE_FAILED
s624815729,True,0,False,,0,False,,sample_verified,0.01,p02319,test,EXIT_ZERO
s761703681,True,0,False,,0,False,,sample_verified,0.008,p03969,test,EXIT_ZERO
s837611039,True,0,False,,0,False,,sample_verified,0.008,p00470,test,EXIT_ZERO
s533701626,True,0,False,,0,False,,sample_verified,0.007,p03414,test,EXIT_ZERO
s092982909,True,0,False,,0,False,,sample_verified,0.012,p03709,test,EXIT_ZERO
s903524390,True,0,False,,0,False,"d = 3
i = 3
j = 4
d = 3
i = 8
j = 9
d = 6
i = 0
j = 2
d = 6
i = 0
j = 4
d = 6
i = 1
j = 2
d = 6
i = 1
j = 4
d = 9
i = 3
j = 4
d = 9
i = 3
j = 7
d = 9
i = 3
j = 9
d = 12
i = 0
j = 2
d = 12
i = 0
j = 4
d = 12
i = 0
j = 7
d = 12
i = 0
j = 9
",sample_verified,0.007,p01486,test,EXIT_ZERO
s418563121,True,0,False,,0,False,,sample_verified,0.011,p02321,test,EXIT_ZERO
s482261927,True,0,False,,0,False,,sample_verified,0.035,p03277,test,EXIT_ZERO
s721082856,True,0,False,"/mnt/d/Dev/Github/transformer-defect-prediction/data/processed/sources/p03083/C++/s721082856.cpp: In function ‘void init()’:
/mnt/d/Dev/Github/transformer-defect-prediction/data/processed/sources/p03083/C++/s721082856.cpp:39:14: warning: ISO C++17 does not allow ‘register’ storage class specifier [-",0,False,,sample_verified,0.004,p03083,test,EXIT_ZERO
s567177644,True,0,False,,0,False,,empty_stdin,0.003,p01382,test,EXIT_ZERO
s549811038,True,0,False,,0,False,,sample_verified,0.007,p00607,test,EXIT_ZERO
s437670880,True,0,False,,0,False,,sample_verified,0.007,p03510,test,EXIT_ZERO
s445751987,True,0,False,,0,False,,sample_verified,0.007,p02852,test,EXIT_ZERO
s318236309,True,0,False,,-11,False,,sample_verified,0.007,p02265,test,SIGSEGV
s091092623,True,0,False,,0,False,,sample_verified,0.007,p03504,test,EXIT_ZERO
s229984366,True,0,False,,0,False,,sample_verified,0.007,p01007,test,EXIT_ZERO
s691610428,True,0,False,,-11,False,,sample_verified,0.01,p02966,test,SIGSEGV
s387403619,True,0,False,,-11,False,,sample_verified,0.012,p03486,test,SIGSEGV
s890763455,False,1,False,"/mnt/d/Dev/Github/transformer-defect-prediction/data/processed/sources/p00204/C++/s890763455.cpp: In function ‘int main()’:
/mnt/d/Dev/Github/transformer-defect-prediction/data/processed/sources/p00204/C++/s890763455.cpp:79:11: error: no match for ‘operator>>’ (operand types are ‘std::istream’ {aka ",,False,,sample_verified,,p00204,test,COMPILE_FAILED
s824855124,True,0,False,,0,False,,sample_verified,0.007,p03693,test,EXIT_ZERO
s262782552,True,0,False,,-6,False,"free(): invalid size
",sample_verified,0.008,p02242,test,SIGABRT
s518406486,True,0,False,,-6,False,"terminate called after throwing an instance of 'std::out_of_range'
  what():  basic_string::at: __n (which is 3) >= this->size() (which is 3)
",sample_verified,0.006,p03729,test,SIGABRT
s375500310,True,0,False,,0,False,,sample_verified,0.007,p02280,test,EXIT_ZERO
s722098213,True,0,False,,0,False,,sample_verified,0.007,p02408,test,EXIT_ZERO
s547802632,True,0,False,,0,False,,sample_verified,0.006,p02940,test,EXIT_ZERO
s038900332,True,0,False,,0,False,,sample_verified,0.008,p00777,test,EXIT_ZERO
s239754738,True,0,False,,0,False,,sample_verified,0.008,p01885,test,EXIT_ZERO
s293743121,True,0,False,,0,False,,sample_verified,0.019,p00735,test,EXIT_ZERO
s595204454,True,0,False,,-11,False,,empty_stdin,0.003,p01369,test,SIGSEGV
s233706991,True,0,False,,0,False,,sample_verified,0.006,p00588,test,EXIT_ZERO
s528390809,True,0,False,,0,False,,sample_verified,0.012,p00748,test,EXIT_ZERO
s909690690,True,0,False,,-6,False,"prog.out: /mnt/d/Dev/Github/transformer-defect-prediction/data/processed/sources/p02751/C++/s909690690.cpp:10: int main(): Assertion `N==M' failed.
",sample_verified,0.011,p02751,test,SIGABRT
s870061673,True,0,False,,-11,False,,empty_stdin,0.009,p03104,test,SIGSEGV
s234307747,True,0,False,,0,False,,sample_verified,0.006,p00965,test,EXIT_ZERO
s836609479,True,0,False,,0,False,,sample_verified,0.006,p01062,test,EXIT_ZERO
s655082778,True,0,False,,0,False,,sample_verified,0.006,p03110,test,EXIT_ZERO
s867150127,True,0,False,,48,False,,sample_verified,0.007,p02969,test,NZEC
s219645170,True,0,False,,0,False,,sample_verified,0.007,p00355,test,EXIT_ZERO
s363429646,True,0,False,,-11,False,,sample_verified,0.012,p01338,test,SIGSEGV
s528812631,True,0,False,"/mnt/d/Dev/Github/transformer-defect-prediction/data/processed/sources/p03792/C++/s528812631.cpp: In function ‘int main()’:
/mnt/d/Dev/Github/transformer-defect-prediction/data/processed/sources/p03792/C++/s528812631.cpp:26:45: warning: format ‘%s’ expects argument of type ‘char*’, but argument 2 ha",0,False,,sample_verified,0.007,p03792,test,EXIT_ZERO
s962183228,True,0,False,,-6,False,"prog.out: /mnt/d/Dev/Github/transformer-defect-prediction/data/processed/sources/p03654/C++/s962183228.cpp:95: int main(): Assertion `n%2==0' failed.
",sample_verified,0.007,p03654,test,SIGABRT
s344646364,True,0,False,"/mnt/d/Dev/Github/transformer-defect-prediction/data/processed/sources/p03845/C++/s344646364.cpp:5:9: warning: ISO C++11 requires whitespace after the macro name
    5 | #define vector<int> vi
      |         ^~~~~~
/mnt/d/Dev/Github/transformer-defect-prediction/data/processed/sources/p03845/C++/s3",0,False,,sample_verified,0.007,p03845,test,EXIT_ZERO
s405948115,True,0,False,,0,False,,sample_verified,0.007,p00217,test,EXIT_ZERO
s517586677,True,0,False,,0,False,,sample_verified,0.009,p01300,test,EXIT_ZERO
s649683995,True,0,False,,-24,False,,sample_verified,5.041,p03268,test,TIMEOUT
s389087110,True,0,False,,0,False,,sample_verified,0.007,p02939,test,EXIT_ZERO
s224579213,True,0,False,"/mnt/d/Dev/Github/transformer-defect-prediction/data/processed/sources/p00546/C++/s224579213.cpp: In function ‘void dijkstra(int)’:
/mnt/d/Dev/Github/transformer-defect-prediction/data/processed/sources/p00546/C++/s224579213.cpp:45:18: warning: overflow in conversion from ‘long long int’ to ‘int’ ch",0,False,,sample_verified,0.014,p00546,test,EXIT_ZERO
s701815608,True,0,False,,0,False,,sample_verified,1.626,p01163,test,EXIT_ZERO
s126216661,True,0,False,,0,False,,sample_verified,0.007,p01720,test,EXIT_ZERO
s633662670,True,0,False,,0,False,"AT CG 
",sample_verified,0.007,p01551,test,EXIT_ZERO
s538571748,True,0,False,,0,False,,sample_verified,0.007,p00211,test,EXIT_ZERO
s672171595,True,0,False,,0,False,,sample_verified,0.007,p03025,test,EXIT_ZERO
s445238948,True,0,False,,0,False,,sample_verified,0.007,p01486,test,EXIT_ZERO
s623321115,True,0,False,"/mnt/d/Dev/Github/transformer-defect-prediction/data/processed/sources/p00991/C++/s623321115.cpp:18:1: warning: ISO C++ forbids declaration of ‘main’ with no type [-Wreturn-type]
   18 | main(){
      | ^~~~
",0,False,,sample_verified,0.02,p00991,test,EXIT_ZERO
s932810501,True,0,False,,4,False,,sample_verified,0.008,p03149,test,NZEC
